<map>
  <entry>
    <string>コミック雑誌</string>
    <string>コミック雑誌</string>
  </entry>
  <entry>
    <string>長身</string>
    <string>高</string>
  </entry>
  <entry>
    <string>フェラ</string>
    <string>口交</string>
  </entry>
  <entry>
    <string>ボンテージ</string>
    <string>緊縛</string>
  </entry>
  <entry>
    <string>レオタード</string>
    <string>緊身衣</string>
  </entry>
  <entry>
    <string>AVOPEN2016素人部門</string>
    <string>AVOPEN2016素人部門</string>
  </entry>
  <entry>
    <string>ギャグ・コメディ</string>
    <string>堵嘴·喜劇</string>
  </entry>
  <entry>
    <string>ぶっかけ</string>
    <string>顏射</string>
  </entry>
  <entry>
    <string>ディルド</string>
    <string>ディルド</string>
  </entry>
  <entry>
    <string>ミニ系</string>
    <string>迷你係列</string>
  </entry>
  <entry>
    <string>蝋燭</string>
    <string>蝋燭</string>
  </entry>
  <entry>
    <string>AV OPEN 2015 女優部門</string>
    <string>AV OPEN 2015 女優部門</string>
  </entry>
  <entry>
    <string>女子校生</string>
    <string>高中女生</string>
  </entry>
  <entry>
    <string>妊婦</string>
    <string>孕婦</string>
  </entry>
  <entry>
    <string>AVOPEN2016ドラマ・ドキュメンタリー部門</string>
    <string>AVOPEN2016ドラマ・ドキュメンタリー部門</string>
  </entry>
  <entry>
    <string>アジア女優</string>
    <string>亞洲女演員</string>
  </entry>
  <entry>
    <string>淫語</string>
    <string>淫語</string>
  </entry>
  <entry>
    <string>パンスト</string>
    <string>連褲襪</string>
  </entry>
  <entry>
    <string>競泳・スクール水着</string>
    <string>學校泳裝</string>
  </entry>
  <entry>
    <string>花嫁</string>
    <string>花嫁</string>
  </entry>
  <entry>
    <string>変身ヒロイン</string>
    <string>超級女英雄</string>
  </entry>
  <entry>
    <string>顔射</string>
    <string>顏射</string>
  </entry>
  <entry>
    <string>AVOPEN2016バラエティ部門</string>
    <string>AVOPEN2016バラエティ部門</string>
  </entry>
  <entry>
    <string>女医</string>
    <string>女醫生</string>
  </entry>
  <entry>
    <string>受付嬢</string>
    <string>受付嬢</string>
  </entry>
  <entry>
    <string>職業色々</string>
    <string>各種職業</string>
  </entry>
  <entry>
    <string>騎乗位</string>
    <string>女上位</string>
  </entry>
  <entry>
    <string>ミニスカポリス</string>
    <string>迷你裙警察</string>
  </entry>
  <entry>
    <string>オナニー</string>
    <string>自慰</string>
  </entry>
  <entry>
    <string>秘書</string>
    <string>秘書</string>
  </entry>
  <entry>
    <string>ナンパ</string>
    <string>獵豔</string>
  </entry>
  <entry>
    <string>単体作品</string>
    <string>單體作品</string>
  </entry>
  <entry>
    <string>花嫁・若妻</string>
    <string>新娘、年輕妻子</string>
  </entry>
  <entry>
    <string>恋愛</string>
    <string>戀愛</string>
  </entry>
  <entry>
    <string>AV OPEN 2014 スーパーヘビー</string>
    <string>AV OPEN 2014 スーパーヘビー</string>
  </entry>
  <entry>
    <string>ロリ系</string>
    <string>蘿莉塔</string>
  </entry>
  <entry>
    <string>ごっくん</string>
    <string>吞精</string>
  </entry>
  <entry>
    <string>お爺ちゃん</string>
    <string>お爺ちゃん</string>
  </entry>
  <entry>
    <string>軟体</string>
    <string>軟体</string>
  </entry>
  <entry>
    <string>投稿</string>
    <string>投稿</string>
  </entry>
  <entry>
    <string>性転換・女体化</string>
    <string>性別轉型·女性化</string>
  </entry>
  <entry>
    <string>処女</string>
    <string>處女</string>
  </entry>
  <entry>
    <string>アクション</string>
    <string>アクション</string>
  </entry>
  <entry>
    <string>複数話</string>
    <string>故事集</string>
  </entry>
  <entry>
    <string>人妻</string>
    <string>已婚婦女</string>
  </entry>
  <entry>
    <string>パラダイスTV</string>
    <string>天堂TV</string>
  </entry>
  <entry>
    <string>早漏</string>
    <string>早漏</string>
  </entry>
  <entry>
    <string>ランジェリー</string>
    <string>內衣</string>
  </entry>
  <entry>
    <string>母乳</string>
    <string>母乳</string>
  </entry>
  <entry>
    <string>AVOPEN2016乙女部門</string>
    <string>AVOPEN2016乙女部門</string>
  </entry>
  <entry>
    <string>パイズリ</string>
    <string>乳交</string>
  </entry>
  <entry>
    <string>AV OPEN 2015 乙女部門</string>
    <string>AV OPEN 2015 乙女部門</string>
  </entry>
  <entry>
    <string>企画</string>
    <string>企畫</string>
  </entry>
  <entry>
    <string>SF</string>
    <string>科幻</string>
  </entry>
  <entry>
    <string>ボディコン</string>
    <string>身體意識</string>
  </entry>
  <entry>
    <string>童貞</string>
    <string>處男</string>
  </entry>
  <entry>
    <string>脚フェチ</string>
    <string>戀腿癖</string>
  </entry>
  <entry>
    <string>ルーズソックス</string>
    <string>泡泡襪</string>
  </entry>
  <entry>
    <string>乱交</string>
    <string>濫交</string>
  </entry>
  <entry>
    <string>SM</string>
    <string>SM</string>
  </entry>
  <entry>
    <string>ダンス</string>
    <string>跳舞</string>
  </entry>
  <entry>
    <string>女装・男の娘</string>
    <string>女裝人妖</string>
  </entry>
  <entry>
    <string>白目・失神</string>
    <string>白目・失神</string>
  </entry>
  <entry>
    <string>ノーパン</string>
    <string>ノーパン</string>
  </entry>
  <entry>
    <string>サイコ・スリラー</string>
    <string>サイコ・スリラー</string>
  </entry>
  <entry>
    <string>ゲーム実写版</string>
    <string>遊戲的真人版</string>
  </entry>
  <entry>
    <string>指マン</string>
    <string>手指插入</string>
  </entry>
  <entry>
    <string>AV OPEN 2014 ヘビー級</string>
    <string>AV OPEN 2014 ヘビー級</string>
  </entry>
  <entry>
    <string>飲み会・合コン</string>
    <string>飲み会・合コン</string>
  </entry>
  <entry>
    <string>女性向け</string>
    <string>給女性觀眾</string>
  </entry>
  <entry>
    <string>スマホ推奨縦動画</string>
    <string>為智能手機推薦垂直視頻</string>
  </entry>
  <entry>
    <string>3D</string>
    <string>3D</string>
  </entry>
  <entry>
    <string>極道・任侠</string>
    <string>黑幫成員</string>
  </entry>
  <entry>
    <string>Vシネマ</string>
    <string>Vシネマ</string>
  </entry>
  <entry>
    <string>浣腸</string>
    <string>灌腸</string>
  </entry>
  <entry>
    <string>美少女</string>
    <string>美少女</string>
  </entry>
  <entry>
    <string>縛り・緊縛</string>
    <string>紧缚</string>
  </entry>
  <entry>
    <string>ゲロ</string>
    <string>嘔吐</string>
  </entry>
  <entry>
    <string>局部アップ</string>
    <string>局部特寫</string>
  </entry>
  <entry>
    <string>シックスナイン</string>
    <string>69</string>
  </entry>
  <entry>
    <string>盗撮・のぞき</string>
    <string>偷窥</string>
  </entry>
  <entry>
    <string>ファンタジー</string>
    <string>幻想</string>
  </entry>
  <entry>
    <string>羞恥</string>
    <string>羞恥</string>
  </entry>
  <entry>
    <string>アイドル・芸能人</string>
    <string>偶像藝人</string>
  </entry>
  <entry>
    <string>M男</string>
    <string>M男</string>
  </entry>
  <entry>
    <string>16時間以上作品</string>
    <string>16時間以上作品</string>
  </entry>
  <entry>
    <string>デジモ</string>
    <string>數位馬賽克</string>
  </entry>
  <entry>
    <string>潮吹き</string>
    <string>潮吹</string>
  </entry>
  <entry>
    <string>ミニ系・小柄</string>
    <string>嬌小的</string>
  </entry>
  <entry>
    <string>3P・4P</string>
    <string>多P</string>
  </entry>
  <entry>
    <string>巨乳フェチ</string>
    <string>戀乳癖</string>
  </entry>
  <entry>
    <string>筋肉</string>
    <string>肌肉</string>
  </entry>
  <entry>
    <string>面接</string>
    <string>面接</string>
  </entry>
  <entry>
    <string>手コキ</string>
    <string>打手槍</string>
  </entry>
  <entry>
    <string>お姉さん</string>
    <string>姐姐</string>
  </entry>
  <entry>
    <string>チアガール</string>
    <string>チアガール</string>
  </entry>
  <entry>
    <string>妄想族</string>
    <string>妄想族</string>
  </entry>
  <entry>
    <string>キス・接吻</string>
    <string>キス・接吻</string>
  </entry>
  <entry>
    <string>部活・マネージャー</string>
    <string>部活・マネージャー</string>
  </entry>
  <entry>
    <string>独占配信</string>
    <string>DMM獨家</string>
  </entry>
  <entry>
    <string>叔母さん</string>
    <string>叔母さん</string>
  </entry>
  <entry>
    <string>ラブコメ</string>
    <string>ラブコメ</string>
  </entry>
  <entry>
    <string>エロス</string>
    <string>エロス</string>
  </entry>
  <entry>
    <string>美乳</string>
    <string>乳房</string>
  </entry>
  <entry>
    <string>胸チラ</string>
    <string>胸チラ</string>
  </entry>
  <entry>
    <string>ハーレム</string>
    <string>ハーレム</string>
  </entry>
  <entry>
    <string>お風呂</string>
    <string>お風呂</string>
  </entry>
  <entry>
    <string>カップル</string>
    <string>情侶</string>
  </entry>
  <entry>
    <string>アニメキャラクター</string>
    <string>動畫人物</string>
  </entry>
  <entry>
    <string>クスコ</string>
    <string>鴨嘴</string>
  </entry>
  <entry>
    <string>日焼け</string>
    <string>日焼け</string>
  </entry>
  <entry>
    <string>ママ友</string>
    <string>ママ友</string>
  </entry>
  <entry>
    <string>女上司</string>
    <string>女上司</string>
  </entry>
  <entry>
    <string>幼なじみ</string>
    <string>童年朋友</string>
  </entry>
  <entry>
    <string>AVOPEN2016女優部門</string>
    <string>AVOPEN2016女優部門</string>
  </entry>
  <entry>
    <string>ヨガ</string>
    <string>ヨガ</string>
  </entry>
  <entry>
    <string>ポルチオ</string>
    <string>子宮頸</string>
  </entry>
  <entry>
    <string>エマニエル</string>
    <string>エマニエル</string>
  </entry>
  <entry>
    <string>看護婦・ナース</string>
    <string>护士</string>
  </entry>
  <entry>
    <string>M女</string>
    <string>M女</string>
  </entry>
  <entry>
    <string>家庭教師</string>
    <string>家教</string>
  </entry>
  <entry>
    <string>野外・露出</string>
    <string>野外・露出</string>
  </entry>
  <entry>
    <string>ビッチ</string>
    <string>ビッチ</string>
  </entry>
  <entry>
    <string>スチュワーデス</string>
    <string>空中小姐</string>
  </entry>
  <entry>
    <string>放尿</string>
    <string>放尿</string>
  </entry>
  <entry>
    <string>ファン感謝・訪問</string>
    <string>ファン感謝・訪問</string>
  </entry>
  <entry>
    <string>AV OPEN 2015 SM/ハード部門</string>
    <string>AV OPEN 2015 SM/ハード部門</string>
  </entry>
  <entry>
    <string>体験告白</string>
    <string>體驗懺悔</string>
  </entry>
  <entry>
    <string>学生服</string>
    <string>校服</string>
  </entry>
  <entry>
    <string>主観</string>
    <string>主觀視角</string>
  </entry>
  <entry>
    <string>近親相姦</string>
    <string>亂倫</string>
  </entry>
  <entry>
    <string>女将・女主人</string>
    <string>女主人、女老板</string>
  </entry>
  <entry>
    <string>尻フェチ</string>
    <string>屁股</string>
  </entry>
  <entry>
    <string>男の潮吹き</string>
    <string>男の潮吹き</string>
  </entry>
  <entry>
    <string>辱め</string>
    <string>凌辱</string>
  </entry>
  <entry>
    <string>サンプル動画</string>
    <string>サンプル動画</string>
  </entry>
  <entry>
    <string>巫女</string>
    <string>女祭司</string>
  </entry>
  <entry>
    <string>パンチラ</string>
    <string>內衣</string>
  </entry>
  <entry>
    <string>イラマチオ</string>
    <string>深喉</string>
  </entry>
  <entry>
    <string>ボーイズラブ</string>
    <string>ボーイズラブ</string>
  </entry>
  <entry>
    <string>貧乳・微乳</string>
    <string>貧乳・微乳</string>
  </entry>
  <entry>
    <string>逆レイプ</string>
    <string>逆レイプ</string>
  </entry>
  <entry>
    <string>イメージビデオ（男性）</string>
    <string>イメージビデオ（男性）</string>
  </entry>
  <entry>
    <string>孕ませ</string>
    <string>孕ませ</string>
  </entry>
  <entry>
    <string>デート</string>
    <string>デート</string>
  </entry>
  <entry>
    <string>Don Cipote&apos;s choice</string>
    <string>Don Cipote&apos;s choice</string>
  </entry>
  <entry>
    <string>覆面・マスク</string>
    <string>覆面・マスク</string>
  </entry>
  <entry>
    <string>姉・妹</string>
    <string>姐妹</string>
  </entry>
  <entry>
    <string>監禁</string>
    <string>監禁</string>
  </entry>
  <entry>
    <string>フィスト</string>
    <string>拳交</string>
  </entry>
  <entry>
    <string>ベスト・総集編</string>
    <string>合集</string>
  </entry>
  <entry>
    <string>裸エプロン</string>
    <string>裸體圍裙</string>
  </entry>
  <entry>
    <string>オナサポ</string>
    <string>オナサポ</string>
  </entry>
  <entry>
    <string>ローター</string>
    <string>跳蛋</string>
  </entry>
  <entry>
    <string>ゴシックロリータ</string>
    <string>哥德蘿莉</string>
  </entry>
  <entry>
    <string>スマホ専用縦動画</string>
    <string>スマホ専用縦動画</string>
  </entry>
  <entry>
    <string>和服・浴衣</string>
    <string>和服・喪服</string>
  </entry>
  <entry>
    <string>泥酔</string>
    <string>爛醉如泥的</string>
  </entry>
  <entry>
    <string>そっくりさん</string>
    <string>明星臉</string>
  </entry>
  <entry>
    <string>コンパニオン</string>
    <string>伴侶</string>
  </entry>
  <entry>
    <string>AVOPEN2016ハード部門</string>
    <string>AVOPEN2016ハード部門</string>
  </entry>
  <entry>
    <string>セット商品</string>
    <string>設置項目</string>
  </entry>
  <entry>
    <string>ドキュメンタリー</string>
    <string>纪录片</string>
  </entry>
  <entry>
    <string>動画</string>
    <string>動画</string>
  </entry>
  <entry>
    <string>アナルセックス</string>
    <string>肛内中出</string>
  </entry>
  <entry>
    <string>ニーソックス</string>
    <string>及膝襪</string>
  </entry>
  <entry>
    <string>ハイビジョン</string>
    <string>高畫質</string>
  </entry>
  <entry>
    <string>VR専用</string>
    <string>VR専用</string>
  </entry>
  <entry>
    <string>ショタ</string>
    <string>正太控</string>
  </entry>
  <entry>
    <string>くすぐり</string>
    <string>瘙癢</string>
  </entry>
  <entry>
    <string>おもちゃ</string>
    <string>玩具</string>
  </entry>
  <entry>
    <string>カーセックス</string>
    <string>汽車性愛</string>
  </entry>
  <entry>
    <string>汗だく</string>
    <string>汗だく</string>
  </entry>
  <entry>
    <string>ツンデレ</string>
    <string>蠻橫嬌羞</string>
  </entry>
  <entry>
    <string>特典あり（AVベースボール）</string>
    <string>特典あり（AVベースボール）</string>
  </entry>
  <entry>
    <string>キャンギャル</string>
    <string>展場女孩</string>
  </entry>
  <entry>
    <string>ドラマ</string>
    <string>戲劇</string>
  </entry>
  <entry>
    <string>AV OPEN 2015 マニア/フェチ部門</string>
    <string>AV OPEN 2015 マニア/フェチ部門</string>
  </entry>
  <entry>
    <string>アニメ</string>
    <string>アニメ</string>
  </entry>
  <entry>
    <string>AVOPEN2016人妻・熟女部門</string>
    <string>AVOPEN2016人妻・熟女部門</string>
  </entry>
  <entry>
    <string>病院・クリニック</string>
    <string>病院・クリニック</string>
  </entry>
  <entry>
    <string>イメージビデオ</string>
    <string>介紹影片</string>
  </entry>
  <entry>
    <string>ギャル</string>
    <string>女生</string>
  </entry>
  <entry>
    <string>ミニスカ</string>
    <string>迷你裙</string>
  </entry>
  <entry>
    <string>4時間以上作品</string>
    <string>4小時以上作品</string>
  </entry>
  <entry>
    <string>旅行</string>
    <string>旅行</string>
  </entry>
  <entry>
    <string>AV OPEN 2015 熟女部門</string>
    <string>AV OPEN 2015 熟女部門</string>
  </entry>
  <entry>
    <string>女捜査官</string>
    <string>女檢察官</string>
  </entry>
  <entry>
    <string>罵倒</string>
    <string>罵倒</string>
  </entry>
  <entry>
    <string>拷問</string>
    <string>折磨</string>
  </entry>
  <entry>
    <string>触手</string>
    <string>觸手</string>
  </entry>
  <entry>
    <string>バニーガール</string>
    <string>兔女郎</string>
  </entry>
  <entry>
    <string>くノ一</string>
    <string>女忍者</string>
  </entry>
  <entry>
    <string>コスプレ</string>
    <string>角色扮演</string>
  </entry>
  <entry>
    <string>デカチン・巨根</string>
    <string>デカチン・巨根</string>
  </entry>
  <entry>
    <string>ゲイ・ホモ</string>
    <string>男同性恋</string>
  </entry>
  <entry>
    <string>女王様</string>
    <string>女王様</string>
  </entry>
  <entry>
    <string>アナル</string>
    <string>肛交</string>
  </entry>
  <entry>
    <string>バイブ</string>
    <string>按摩棒</string>
  </entry>
  <entry>
    <string>期間限定セール</string>
    <string>限時降價</string>
  </entry>
  <entry>
    <string>調教・奴隷</string>
    <string>性奴</string>
  </entry>
  <entry>
    <string>着エロ</string>
    <string>猥褻穿著</string>
  </entry>
  <entry>
    <string>学園もの</string>
    <string>學校作品</string>
  </entry>
  <entry>
    <string>女優ベスト・総集編</string>
    <string>女優ベスト・総集編</string>
  </entry>
  <entry>
    <string>ドール</string>
    <string>娃娃</string>
  </entry>
  <entry>
    <string>ぽっちゃり</string>
    <string>胖女人</string>
  </entry>
  <entry>
    <string>オタク</string>
    <string>オタク</string>
  </entry>
  <entry>
    <string>レズ</string>
    <string>女同性戀</string>
  </entry>
  <entry>
    <string>義母</string>
    <string>婆婆</string>
  </entry>
  <entry>
    <string>セーラー服</string>
    <string>水手服</string>
  </entry>
  <entry>
    <string>アクション・格闘</string>
    <string>格鬥家</string>
  </entry>
  <entry>
    <string>電マ</string>
    <string>女優按摩棒</string>
  </entry>
  <entry>
    <string>コラボ作品</string>
    <string>合作作品</string>
  </entry>
  <entry>
    <string>スカトロ</string>
    <string>糞便</string>
  </entry>
  <entry>
    <string>足コキ</string>
    <string>足交</string>
  </entry>
  <entry>
    <string>巨尻</string>
    <string>巨尻</string>
  </entry>
  <entry>
    <string>R-15</string>
    <string>R-15</string>
  </entry>
  <entry>
    <string>特撮</string>
    <string>特效</string>
  </entry>
  <entry>
    <string>めがね</string>
    <string>眼鏡</string>
  </entry>
  <entry>
    <string>時間停止</string>
    <string>時間停止</string>
  </entry>
  <entry>
    <string>女子アナ</string>
    <string>女主播</string>
  </entry>
  <entry>
    <string>インディーズ</string>
    <string>獨立製作</string>
  </entry>
  <entry>
    <string>女戦士</string>
    <string>女戰士</string>
  </entry>
  <entry>
    <string>原作コラボ</string>
    <string>原作コラボ</string>
  </entry>
  <entry>
    <string>AV OPEN 2014 ミドル級</string>
    <string>AV OPEN 2014 ミドル級</string>
  </entry>
  <entry>
    <string>ウェイトレス</string>
    <string>服務生</string>
  </entry>
  <entry>
    <string>ドラッグ</string>
    <string>藥物</string>
  </entry>
  <entry>
    <string>AVOPEN2016企画部門</string>
    <string>AVOPEN2016企画部門</string>
  </entry>
  <entry>
    <string>エステ</string>
    <string>美容院</string>
  </entry>
  <entry>
    <string>マッサージ</string>
    <string>按摩</string>
  </entry>
  <entry>
    <string>チャイナドレス</string>
    <string>旗袍</string>
  </entry>
  <entry>
    <string>ニューハーフ</string>
    <string>變性者</string>
  </entry>
  <entry>
    <string>10枚組</string>
    <string>10枚組</string>
  </entry>
  <entry>
    <string>未亡人</string>
    <string>寡婦</string>
  </entry>
  <entry>
    <string>スポーツ</string>
    <string>運動</string>
  </entry>
  <entry>
    <string>お母さん</string>
    <string>母親</string>
  </entry>
  <entry>
    <string>その他フェチ</string>
    <string>其他戀物癖</string>
  </entry>
  <entry>
    <string>高解像度</string>
    <string>高清</string>
  </entry>
  <entry>
    <string>娘・養女</string>
    <string>娘・養女</string>
  </entry>
  <entry>
    <string>バスガイド</string>
    <string>車掌小姐</string>
  </entry>
  <entry>
    <string>DMM配信限定</string>
    <string>DMM專屬</string>
  </entry>
  <entry>
    <string>魔法少女</string>
    <string>魔法少女</string>
  </entry>
  <entry>
    <string>催眠・洗脳</string>
    <string>催眠</string>
  </entry>
  <entry>
    <string>レズキス</string>
    <string>女同接吻</string>
  </entry>
  <entry>
    <string>巨乳</string>
    <string>巨乳</string>
  </entry>
  <entry>
    <string>水着</string>
    <string>泳裝</string>
  </entry>
  <entry>
    <string>格闘家</string>
    <string>格鬥家</string>
  </entry>
  <entry>
    <string>AV OPEN 2015 素人部門</string>
    <string>AV OPEN 2015 素人部門</string>
  </entry>
  <entry>
    <string>ハイクオリティVR</string>
    <string>ハイクオリティVR</string>
  </entry>
  <entry>
    <string>強姦</string>
    <string>強姦</string>
  </entry>
  <entry>
    <string>レースクィーン</string>
    <string>賽車女郎</string>
  </entry>
  <entry>
    <string>キャバ嬢・風俗嬢</string>
    <string>妓女</string>
  </entry>
  <entry>
    <string>拘束</string>
    <string>拘束</string>
  </entry>
  <entry>
    <string>洋ピン・海外輸入</string>
    <string>國外進口</string>
  </entry>
  <entry>
    <string>ダーク系</string>
    <string>黑暗系統</string>
  </entry>
  <entry>
    <string>イタズラ</string>
    <string>惡作劇</string>
  </entry>
  <entry>
    <string>黒人男優</string>
    <string>黑人演員</string>
  </entry>
  <entry>
    <string>ヘルス・ソープ</string>
    <string>ヘルス・ソープ</string>
  </entry>
  <entry>
    <string>素人</string>
    <string>業餘</string>
  </entry>
  <entry>
    <string>残虐表現</string>
    <string>殘忍畫面</string>
  </entry>
  <entry>
    <string>パイパン</string>
    <string>無毛</string>
  </entry>
  <entry>
    <string>セクシー</string>
    <string>セクシー</string>
  </entry>
  <entry>
    <string>即ハメ</string>
    <string>立即口交</string>
  </entry>
  <entry>
    <string>クンニ</string>
    <string>舔陰</string>
  </entry>
  <entry>
    <string>ビジネススーツ</string>
    <string>ビジネススーツ</string>
  </entry>
  <entry>
    <string>制服</string>
    <string>制服</string>
  </entry>
  <entry>
    <string>顔面騎乗</string>
    <string>顏面騎乘</string>
  </entry>
  <entry>
    <string>超乳</string>
    <string>超乳</string>
  </entry>
  <entry>
    <string>飲尿</string>
    <string>飲尿</string>
  </entry>
  <entry>
    <string>痴漢</string>
    <string>性騷擾</string>
  </entry>
  <entry>
    <string>ローション</string>
    <string>乳液</string>
  </entry>
  <entry>
    <string>バック</string>
    <string>バック</string>
  </entry>
  <entry>
    <string>異物挿入</string>
    <string>插入異物</string>
  </entry>
  <entry>
    <string>How To</string>
    <string>教學</string>
  </entry>
  <entry>
    <string>中出し</string>
    <string>中出</string>
  </entry>
  <entry>
    <string>体操着・ブルマ</string>
    <string>體育服</string>
  </entry>
  <entry>
    <string>R-18</string>
    <string>R-18</string>
  </entry>
  <entry>
    <string>ふたなり</string>
    <string>雙性人</string>
  </entry>
  <entry>
    <string>ノーブラ</string>
    <string>ノーブラ</string>
  </entry>
  <entry>
    <string>DVDトースター</string>
    <string>DVD多士爐</string>
  </entry>
  <entry>
    <string>スレンダー</string>
    <string>苗條</string>
  </entry>
  <entry>
    <string>鬼畜</string>
    <string>粗暴</string>
  </entry>
  <entry>
    <string>不倫</string>
    <string>通姦</string>
  </entry>
  <entry>
    <string>復刻</string>
    <string>複刻版</string>
  </entry>
  <entry>
    <string>ネコミミ・獣系</string>
    <string>貓耳女</string>
  </entry>
  <entry>
    <string>熟女</string>
    <string>成熟的女人</string>
  </entry>
  <entry>
    <string>白人女優</string>
    <string>白人</string>
  </entry>
  <entry>
    <string>部下・同僚</string>
    <string>部下・同僚</string>
  </entry>
  <entry>
    <string>ホテル</string>
    <string>ホテル</string>
  </entry>
  <entry>
    <string>インストラクター</string>
    <string>講師</string>
  </entry>
  <entry>
    <string>お嬢様・令嬢</string>
    <string>千金小姐</string>
  </entry>
  <entry>
    <string>アクメ・オーガズム</string>
    <string>アクメ・オーガズム</string>
  </entry>
  <entry>
    <string>アスリート</string>
    <string>アスリート</string>
  </entry>
  <entry>
    <string>逆ナン</string>
    <string>倒追</string>
  </entry>
  <entry>
    <string>温泉</string>
    <string>温泉</string>
  </entry>
  <entry>
    <string>食糞</string>
    <string>食糞</string>
  </entry>
  <entry>
    <string>ギリモザ</string>
    <string>薄馬賽克</string>
  </entry>
  <entry>
    <string>字幕</string>
    <string>字幕</string>
  </entry>
  <entry>
    <string>お姫様</string>
    <string>公主</string>
  </entry>
  <entry>
    <string>セレブ</string>
    <string>セレブ</string>
  </entry>
  <entry>
    <string>鼻フック</string>
    <string>鼻フック</string>
  </entry>
  <entry>
    <string>学生（その他）</string>
    <string>學生（其他）</string>
  </entry>
  <entry>
    <string>AV OPEN 2015 企画部門</string>
    <string>AV OPEN 2015 企画部門</string>
  </entry>
  <entry>
    <string>モデル</string>
    <string>模特兒</string>
  </entry>
  <entry>
    <string>スパンキング</string>
    <string>スパンキング</string>
  </entry>
  <entry>
    <string>OL</string>
    <string>OL</string>
  </entry>
  <entry>
    <string>脱糞</string>
    <string>排便</string>
  </entry>
  <entry>
    <string>女子大生</string>
    <string>女大學生</string>
  </entry>
  <entry>
    <string>寝取り・寝取られ</string>
    <string>出軌</string>
  </entry>
  <entry>
    <string>妄想</string>
    <string>妄想</string>
  </entry>
  <entry>
    <string>お婆ちゃん</string>
    <string>お婆ちゃん</string>
  </entry>
  <entry>
    <string>クラシック</string>
    <string>經典</string>
  </entry>
  <entry>
    <string>輪姦</string>
    <string>輪姦</string>
  </entry>
  <entry>
    <string>痴女</string>
    <string>蕩婦</string>
  </entry>
  <entry>
    <string>スワッピング・夫婦交換</string>
    <string>スワッピング・夫婦交換</string>
  </entry>
  <entry>
    <string>ホラー</string>
    <string>恐怖</string>
  </entry>
  <entry>
    <string>AVOPEN2016マニア・フェチ部門</string>
    <string>AVOPEN2016マニア・フェチ部門</string>
  </entry>
  <entry>
    <string>女教師</string>
    <string>女教師</string>
  </entry>
  <entry>
    <string>淫乱・ハード系</string>
    <string>花癡</string>
  </entry>
  <entry>
    <string>メイド</string>
    <string>女傭</string>
  </entry>
  <entry>
    <string>デビュー作品</string>
    <string>首次亮相</string>
  </entry>
  <entry>
    <string>放置</string>
    <string>放置</string>
  </entry>
  <entry>
    <string>ハメ撮り</string>
    <string>第一人稱攝影</string>
  </entry>
  <entry>
    <string>その他</string>
    <string>其他</string>
  </entry>
</map>